
-- Dodanie 4 użytkowników, oraz nadanie im poziomów dostępów.
-- Użytkownik -1 ma reprezentować administratora oraz recepcjonistę będącego jednosczesnie pacjentem,
-- -2 lekarza, -3 pacjenta a -4 recepcjonistę.
-- Użykownik -4 posiada również odebrane uprawnienia do poziomu lekarza


INSERT INTO accounts (id, login, email, password, first_name, last_name, phone_number, pesel, active, enabled, is_dark_mode, last_successful_login, last_successful_login_ip, last_unsuccessful_login, last_unsuccessful_login_ip, unsuccessful_login_count_since_last_login, modified_by, modification_date_time, modified_by_ip, last_block_unlock_modified_by, last_block_unlock_date_time, last_block_unlock_ip, created_by, creation_date_time, created_by_ip, email_recall, first_password_change, language, version) VALUES (-1, 'dokumentacja1', 'wxy27038@cuoly.com', 'b03ddf3ca2e714a6548e7495e2a03f5e824eaac9837cd7f159c67b90fb4b7342', 'Dokumentacja', 'Medyczna', null, null, true, true, false, null, null, null, null, 0, null, null, null, null, null, null, -1, '2021-06-22 16:31:48.179527', '0:0:0:0:0:0:0:1', true, true, 'pl', 0);
INSERT INTO accounts (id, login, email, password, first_name, last_name, phone_number, pesel, active, enabled, is_dark_mode, last_successful_login, last_successful_login_ip, last_unsuccessful_login, last_unsuccessful_login_ip, unsuccessful_login_count_since_last_login, modified_by, modification_date_time, modified_by_ip, last_block_unlock_modified_by, last_block_unlock_date_time, last_block_unlock_ip, created_by, creation_date_time, created_by_ip, email_recall, first_password_change, language, version) VALUES (-2, 'Taekwondo', 'ljxvrpcggqegnycqyn@twzhhq.online', 'b03ddf3ca2e714a6548e7495e2a03f5e824eaac9837cd7f159c67b90fb4b7342', 'Duzy', 'Pietrzak', '1234590876', '99072106392', true, false, false, null, null, null, null, 0, null, '2021-06-23 11:01:03.215984', null, null, null, null, -2, '2021-06-22 19:27:08.664780', '127.0.0.1', true, false, 'pl', 1);
INSERT INTO accounts (id, login, email, password, first_name, last_name, phone_number, pesel, active, enabled, is_dark_mode, last_successful_login, last_successful_login_ip, last_unsuccessful_login, last_unsuccessful_login_ip, unsuccessful_login_count_since_last_login, modified_by, modification_date_time, modified_by_ip, last_block_unlock_modified_by, last_block_unlock_date_time, last_block_unlock_ip, created_by, creation_date_time, created_by_ip, email_recall, first_password_change, language, version) VALUES (-3, 'Taekwondo2', 'jpr68246@zwoho.com', 'b03ddf3ca2e714a6548e7495e2a03f5e824eaac9837cd7f159c67b90fb4b7342', 'Pitold', 'Wietrzak', '1234590876', '89072074128', true, false, false, null, null, null, null, 0, null, '2021-06-21 18:57:59.846311', null, -1, '2021-06-21 18:57:59.844316', '0:0:0:0:0:0:0:1', -3, '2021-06-22 19:28:22.164795', '127.0.0.1', true, false, 'pl', 4);
INSERT INTO accounts (id, login, email, password, first_name, last_name, phone_number, pesel, active, enabled, is_dark_mode, last_successful_login, last_successful_login_ip, last_unsuccessful_login, last_unsuccessful_login_ip, unsuccessful_login_count_since_last_login, modified_by, modification_date_time, modified_by_ip, last_block_unlock_modified_by, last_block_unlock_date_time, last_block_unlock_ip, created_by, creation_date_time, created_by_ip, email_recall, first_password_change, language, version) VALUES (-4, 'MuaiThai', 'fomotat419@0ranges.com', 'f7745f4df4394027716de160fb2acd6aac36699576a8be586b75ac09acf6a0df', 'Witold', 'Pietrzak', '1234590876', '74042325852', true, true, false, '2021-06-22 19:35:16.845672', '127.0.0.1', '2021-06-22 19:33:41.476255', '127.0.0.1', 0, -4, '2021-06-22 19:39:54.653763', '127.0.0.1', null, '2021-06-22 19:33:41.808843', '127.0.0.1', -4, '2021-06-22 19:32:25.082295', '127.0.0.1', false, true, 'pl', 16);
INSERT INTO accounts (id, login, email, password, first_name, last_name, phone_number, pesel, active, enabled, is_dark_mode, last_successful_login, last_successful_login_ip, last_unsuccessful_login, last_unsuccessful_login_ip, unsuccessful_login_count_since_last_login, modified_by, modification_date_time, modified_by_ip, last_block_unlock_modified_by, last_block_unlock_date_time, last_block_unlock_ip, created_by, creation_date_time, created_by_ip, email_recall, first_password_change, language, version) VALUES (-5, 'iPhone', 'utr49280@zwoho.com', 'b03ddf3ca2e714a6548e7495e2a03f5e824eaac9837cd7f159c67b90fb4b7342', 'Steve', 'Jobs', '123456789', null, true, true, false, '2021-06-22 11:59:50.716001', '0:0:0:0:0:0:0:1', '2021-06-22 10:40:06.149701', '0:0:0:0:0:0:0:1', 0, -5, '2021-06-22 11:59:59.891759', '0:0:0:0:0:0:0:1', null, null, null, -5, '2021-06-22 10:39:46.923743', '0:0:0:0:0:0:0:1', false, true, 'pl', 7);


INSERT INTO access_levels (id, level, account_id, active, version, creation_date_time, created_by, created_by_ip, modification_date_time, modified_by, modified_by_ip) VALUES (-1, 'level.patient', -1, true, 0, '2021-06-22 16:31:48.255323', -1, null, null, null, null);
INSERT INTO access_levels (id, level, account_id, active, version, creation_date_time, created_by, created_by_ip, modification_date_time, modified_by, modified_by_ip) VALUES (-2, 'level.receptionist', -1, false, 0, '2021-06-22 16:31:48.300202', -1, null, null, null, null);
INSERT INTO access_levels (id, level, account_id, active, version, creation_date_time, created_by, created_by_ip, modification_date_time, modified_by, modified_by_ip) VALUES (-3, 'level.doctor', -1, false, 0, '2021-06-22 16:31:48.344085', -1, null, null, null, null);
INSERT INTO access_levels (id, level, account_id, active, version, creation_date_time, created_by, created_by_ip, modification_date_time, modified_by, modified_by_ip) VALUES (-4, 'level.administrator', -1, false, 0, '2021-06-22 16:31:48.388965', -1, null, null, null, null);
INSERT INTO access_levels (id, level, account_id, active, version, creation_date_time, created_by, created_by_ip, modification_date_time, modified_by, modified_by_ip) VALUES (-5, 'level.patient', -2, true, 0, '2021-06-22 19:27:08.732597', -2, null, null, null, null);
INSERT INTO access_levels (id, level, account_id, active, version, creation_date_time, created_by, created_by_ip, modification_date_time, modified_by, modified_by_ip) VALUES (-6, 'level.receptionist', -2, false, 0, '2021-06-22 19:27:08.776483', -2, null, null, null, null);
INSERT INTO access_levels (id, level, account_id, active, version, creation_date_time, created_by, created_by_ip, modification_date_time, modified_by, modified_by_ip) VALUES (-7, 'level.doctor', -2, false, 0, '2021-06-22 19:27:08.819352', -2, null, null, null, null);
INSERT INTO access_levels (id, level, account_id, active, version, creation_date_time, created_by, created_by_ip, modification_date_time, modified_by, modified_by_ip) VALUES (-8, 'level.administrator', -2, false, 0, '2021-06-22 19:27:08.861652', -2, null, null, null, null);
INSERT INTO access_levels (id, level, account_id, active, version, creation_date_time, created_by, created_by_ip, modification_date_time, modified_by, modified_by_ip) VALUES (-11, 'level.doctor', -3, false, 0, '2021-06-22 19:28:22.292629', -3, null, null, null, null);
INSERT INTO access_levels (id, level, account_id, active, version, creation_date_time, created_by, created_by_ip, modification_date_time, modified_by, modified_by_ip) VALUES (-12, 'level.administrator', -3, false, 0, '2021-06-22 19:28:22.335151', -3, null, null, null, null);
INSERT INTO access_levels (id, level, account_id, active, version, creation_date_time, created_by, created_by_ip, modification_date_time, modified_by, modified_by_ip) VALUES (-13, 'level.patient', -4, true, 0, '2021-06-22 19:32:25.158534', -4, null, null, null, null);
INSERT INTO access_levels (id, level, account_id, active, version, creation_date_time, created_by, created_by_ip, modification_date_time, modified_by, modified_by_ip) VALUES (-14, 'level.receptionist', -4, false, 0, '2021-06-22 19:32:25.203976', -4, null, null, null, null);
INSERT INTO access_levels (id, level, account_id, active, version, creation_date_time, created_by, created_by_ip, modification_date_time, modified_by, modified_by_ip) VALUES (-10, 'level.receptionist', -3, true, 1, '2021-06-22 19:28:22.250590', -3, null, '2021-06-21 19:02:25.506628', -5, '0:0:0:0:0:0:0:1');
INSERT INTO access_levels (id, level, account_id, active, version, creation_date_time, created_by, created_by_ip, modification_date_time, modified_by, modified_by_ip) VALUES (-16, 'level.administrator', -4, false, 0, '2021-06-22 19:32:25.292654', -4, null, null, null, null);
INSERT INTO access_levels (id, level, account_id, active, version, creation_date_time, created_by, created_by_ip, modification_date_time, modified_by, modified_by_ip) VALUES (-9, 'level.patient', -3, false, 1, '2021-06-22 19:28:22.207678', -3, null, '2021-06-21 19:02:28.839111', -5, '0:0:0:0:0:0:0:1');
INSERT INTO access_levels (id, level, account_id, active, version, creation_date_time, created_by, created_by_ip, modification_date_time, modified_by, modified_by_ip) VALUES (-15, 'level.doctor', -4, true, 2, '2021-06-22 19:32:25.247747', -4, null, '2021-06-22 21:49:10.142143', -5, '0:0:0:0:0:0:0:1');
INSERT INTO access_levels (id, level, account_id, active, version, creation_date_time, created_by, created_by_ip, modification_date_time, modified_by, modified_by_ip) VALUES (-17, 'level.patient', -5, true, 0, '2021-06-22 10:39:46.957700', -5, null, null, null, null);
INSERT INTO access_levels (id, level, account_id, active, version, creation_date_time, created_by, created_by_ip, modification_date_time, modified_by, modified_by_ip) VALUES (-18, 'level.receptionist', -5, true, 0, '2021-06-22 10:39:46.968709', -5, null, null, null, null);
INSERT INTO access_levels (id, level, account_id, active, version, creation_date_time, created_by, created_by_ip, modification_date_time, modified_by, modified_by_ip) VALUES (-19, 'level.doctor', -5, true, 0, '2021-06-22 10:39:46.973706', -5, null, null, null, null);
INSERT INTO access_levels (id, level, account_id, active, version, creation_date_time, created_by, created_by_ip, modification_date_time, modified_by, modified_by_ip) VALUES (-20, 'level.administrator', -5, true, 0, '2021-06-22 10:39:46.980704', -5, null, null, null, null);

INSERT INTO medical_documentations (id, patient_id, allergies, medications_taken, version, creation_date_time, created_by, created_by_ip, modification_date_time, modified_by, modified_by_ip) VALUES (-1, -1, '', '', 0, '2021-06-22 16:31:49.037198', -1, '0:0:0:0:0:0:0:1', null, null, null);
INSERT INTO medical_documentations (id, patient_id, allergies, medications_taken, version, creation_date_time, created_by, created_by_ip, modification_date_time, modified_by, modified_by_ip) VALUES (-2, -2, '', '', 0, '2021-06-22 19:27:09.740322', -2, '127.0.0.1', null, null, null);
INSERT INTO medical_documentations (id, patient_id, allergies, medications_taken, version, creation_date_time, created_by, created_by_ip, modification_date_time, modified_by, modified_by_ip) VALUES (-3, -3, '', '', 0, '2021-06-22 19:28:22.792195', -3, '127.0.0.1', null, null, null);
INSERT INTO medical_documentations (id, patient_id, allergies, medications_taken, version, creation_date_time, created_by, created_by_ip, modification_date_time, modified_by, modified_by_ip) VALUES (-4, -4, '', '', 0, '2021-06-22 19:32:26.053694', -4, '127.0.0.1', null, null, null);
INSERT INTO medical_documentations (id, patient_id, allergies, medications_taken, version, creation_date_time, created_by, created_by_ip, modification_date_time, modified_by, modified_by_ip) VALUES (-5, -5, '', '', 0, '2021-06-22 10:39:47.192707', -5, '0:0:0:0:0:0:0:1', null, null, null);

INSERT INTO prescriptions (id, expiration, patient_id, doctor_id, version, creation_date_time, created_by, created_by_ip, modification_date_time, modified_by, modified_by_ip, medications) VALUES (-1, '2023-03-29 11:34:00.000000', -1, -4, 0, '2021-06-22 16:34:14.695313', -4, '0:0:0:0:0:0:0:1', null, null, null, '\\xF801ABF8F573B0E8B98058C7DA1459B6E97FDF73DE4C8BA92831BA523D3B50C1');
INSERT INTO prescriptions (id, expiration, patient_id, doctor_id, version, creation_date_time, created_by, created_by_ip, modification_date_time, modified_by, modified_by_ip, medications) VALUES (-2, '2023-03-29 11:34:00.000000', -2, -4, 0, '2021-06-22 16:34:16.149560', -4, '0:0:0:0:0:0:0:1', null, null, null, '\\xF801ABF8F573B0E8B98058C7DA1459B6E97FDF73DE4C8BA92831BA523D3B50C1');
INSERT INTO prescriptions (id, expiration, patient_id, doctor_id, version, creation_date_time, created_by, created_by_ip, modification_date_time, modified_by, modified_by_ip, medications) VALUES (-3, '2021-06-22 04:36:00.000000', -3, -5, 0, '2021-06-22 16:36:06.800608', -5, '127.0.0.1', null, null, null, '\\xADB802F495E3F0FD78E8BF5C49BEA696');
INSERT INTO prescriptions (id, expiration, patient_id, doctor_id, version, creation_date_time, created_by, created_by_ip, modification_date_time, modified_by, modified_by_ip, medications) VALUES (-4, '2021-06-22 04:36:00.000000', -4, -5, 0, '2021-06-22 16:36:09.732191', -5, '127.0.0.1', null, null, null, '\\xADB802F495E3F0FD78E8BF5C49BEA696');
INSERT INTO prescriptions (id, expiration, patient_id, doctor_id, version, creation_date_time, created_by, created_by_ip, modification_date_time, modified_by, modified_by_ip, medications) VALUES (-5, '2021-06-22 04:36:00.000000', -5, -5, 0, '2021-06-22 16:36:17.672416', -5, '127.0.0.1', null, null, null, '\\xF98800108259C7367DC3E0723712BEF7');
INSERT INTO prescriptions (id, expiration, patient_id, doctor_id, version, creation_date_time, created_by, created_by_ip, modification_date_time, modified_by, modified_by_ip, medications) VALUES (-9, '2021-06-22 17:37:00.000000', -1, -4, 0, '2021-06-22 16:39:44.728014', -4, '127.0.0.1', null, null, null, '\\xADB802F495E3F0FD78E8BF5C49BEA696');
INSERT INTO prescriptions (id, expiration, patient_id, doctor_id, version, creation_date_time, created_by, created_by_ip, modification_date_time, modified_by, modified_by_ip, medications) VALUES (-16, '2021-06-22 16:59:00.000000', -1, -5, 0, '2021-06-22 16:53:11.298692', -5, '127.0.0.1', null, null, null, '\\x3961D1480BAEDDFDB3245B8D1AC3854E');
INSERT INTO prescriptions (id, expiration, patient_id, doctor_id, version, creation_date_time, created_by, created_by_ip, modification_date_time, modified_by, modified_by_ip, medications) VALUES (-17, '2021-06-22 18:22:00.000000', -1, -4, 0, '2021-06-22 16:55:06.138254', -4, '127.0.0.1', null, null, null, '\\xEF351916783CB2C4E186CF75884B6B1F');
INSERT INTO prescriptions (id, expiration, patient_id, doctor_id, version, creation_date_time, created_by, created_by_ip, modification_date_time, modified_by, modified_by_ip, medications) VALUES (-21, '2021-06-22 16:59:00.000000', -1, -5, 0, '2021-06-22 16:55:36.557791', -5, '127.0.0.1', null, null, null, '\\x2188708CF5050D892027B5F636A39ECF');
INSERT INTO prescriptions (id, expiration, patient_id, doctor_id, version, creation_date_time, created_by, created_by_ip, modification_date_time, modified_by, modified_by_ip, medications) VALUES (-22, '2021-06-22 18:55:00.000000', -5, -4, 0, '2021-06-22 16:55:59.501424', -4, '127.0.0.1', null, null, null, '\\x6970169A2E9EBD66275B8A7FA947590F');
INSERT INTO prescriptions (id, expiration, patient_id, doctor_id, version, creation_date_time, created_by, created_by_ip, modification_date_time, modified_by, modified_by_ip, medications) VALUES (-23, '2021-06-22 17:07:00.000000', -4, -5, 0, '2021-06-22 17:06:00.664903', -5, '127.0.0.1', null, null, null, '\\x910C082DA22C168775891B8E3B067ED2');
INSERT INTO prescriptions (id, expiration, patient_id, doctor_id, version, creation_date_time, created_by, created_by_ip, modification_date_time, modified_by, modified_by_ip, medications) VALUES (-25, '2021-06-22 19:43:00.000000', -3, -4, 0, '2021-06-22 19:43:21.346440', -4, '127.0.0.1', null, null, null, '\\xC6479A4B60E1073771A6A78CBF5E5EB6A64526C3459BBF2359ED682774E8D9F3');
INSERT INTO prescriptions (id, expiration, patient_id, doctor_id, version, creation_date_time, created_by, created_by_ip, modification_date_time, modified_by, modified_by_ip, medications) VALUES (-26, '2021-06-22 19:42:00.000000', -2, -4, 0, '2021-06-22 19:43:36.079040', -4, '127.0.0.1', null, null, null, '\\xA19B8B577705F47CD27D925FBB322A98');
INSERT INTO prescriptions (id, expiration, patient_id, doctor_id, version, creation_date_time, created_by, created_by_ip, modification_date_time, modified_by, modified_by_ip, medications) VALUES (-24, '2021-06-22 17:09:00.000000', -1, -4, 1, '2021-06-22 17:06:38.532516', -4, '127.0.0.1', '2021-06-22 20:33:40.882247', null, null, '\\x0F420844ACDAE755CC3EB0B15924DD3A');
INSERT INTO prescriptions (id, expiration, patient_id, doctor_id, version, creation_date_time, created_by, created_by_ip, modification_date_time, modified_by, modified_by_ip, medications) VALUES (-27, '2021-06-22 19:48:00.000000', -5, -4, 1, '2021-06-22 19:46:17.549251', -4, '127.0.0.1', '2021-06-22 20:33:40.889247', null, null, '\\x6D552A1C93F125BC36841F1C498EEA0B');
INSERT INTO prescriptions (id, expiration, patient_id, doctor_id, version, creation_date_time, created_by, created_by_ip, modification_date_time, modified_by, modified_by_ip, medications) VALUES (-28, '2021-06-22 21:57:00.000000', -4, -5, 0, '2021-06-22 20:57:27.835545', -5, '127.0.0.1', null, null, null, '\\x479554EF8D4DAD55EF11E3F357D8566A2EBC7E77FE48BB651E68A13E0B1CC14E');
INSERT INTO prescriptions (id, expiration, patient_id, doctor_id, version, creation_date_time, created_by, created_by_ip, modification_date_time, modified_by, modified_by_ip, medications) VALUES (-31, '2021-06-25 14:57:00.000000', -3, -5, 0, '2021-06-23 14:57:35.959341', -5, '0:0:0:0:0:0:0:1', null, null, null, '\\xCF42E22902ECAC40A7BCAB87C8E54398513CE8906D69C483EDBAE5C23D0ED39A');
INSERT INTO prescriptions (id, expiration, patient_id, doctor_id, version, creation_date_time, created_by, created_by_ip, modification_date_time, modified_by, modified_by_ip, medications) VALUES (-30, '2021-06-24 14:56:00.000000', -2, -4, 1, '2021-06-23 14:56:06.140723', -4, '0:0:0:0:0:0:0:1', '2021-06-23 17:51:11.203272', -4, null, '\\x47173C5EC6D88CFB940624E6BABDAF83');
INSERT INTO prescriptions (id, expiration, patient_id, doctor_id, version, creation_date_time, created_by, created_by_ip, modification_date_time, modified_by, modified_by_ip, medications) VALUES (-29, '2021-06-25 14:55:00.000000', -4, -5, 2, '2021-06-23 14:55:41.538848', -5, '0:0:0:0:0:0:0:1', '2021-06-23 18:00:31.210300', -5, '0:0:0:0:0:0:0:1', '\\x2BC10A81AC49C4B546CDE02E67CB00D95534F8DB81DF6FEEF9AE2610495E2D6A');

INSERT INTO documentation_entries (id, documentation_id, doctor_id, was_done, to_be_done, version, creation_date_time, created_by, created_by_ip, modification_date_time, modified_by, modified_by_ip) VALUES (-1, -1, -4, '\\x5CBBBE4ADB08FD217E1FC08A59F4973E', '\\xBADD28436FCD5C7E7E7958F42E83F5E4', 0, '2021-06-22 19:48:13.443500', -4, '127.0.0.1', null, null, null);
INSERT INTO documentation_entries (id, documentation_id, doctor_id, was_done, to_be_done, version, creation_date_time, created_by, created_by_ip, modification_date_time, modified_by, modified_by_ip) VALUES (-2, -2, -4, '\\x5CBBBE4ADB08FD217E1FC08A59F4973E', '\\xBADD28436FCD5C7E7E7958F42E83F5E4', 0, '2021-06-22 19:48:13.443500', -4, '127.0.0.1', null, null, null);
INSERT INTO documentation_entries (id, documentation_id, doctor_id, was_done, to_be_done, version, creation_date_time, created_by, created_by_ip, modification_date_time, modified_by, modified_by_ip) VALUES (-3, -3, -5, '\\x5CBBBE4ADB08FD217E1FC08A59F4973E', '\\xBADD28436FCD5C7E7E7958F42E83F5E4', 0, '2021-06-22 19:48:13.443500', -5, '127.0.0.1', null, null, null);
INSERT INTO documentation_entries (id, documentation_id, doctor_id, was_done, to_be_done, version, creation_date_time, created_by, created_by_ip, modification_date_time, modified_by, modified_by_ip) VALUES (-4, -4, -4, '\\x5CBBBE4ADB08FD217E1FC08A59F4973E', '\\xBADD28436FCD5C7E7E7958F42E83F5E4', 0, '2021-06-22 19:48:13.443500', -4, '127.0.0.1', null, null, null);
INSERT INTO documentation_entries (id, documentation_id, doctor_id, was_done, to_be_done, version, creation_date_time, created_by, created_by_ip, modification_date_time, modified_by, modified_by_ip) VALUES (-5, -5, -5, '\\x5CBBBE4ADB08FD217E1FC08A59F4973E', '\\xBADD28436FCD5C7E7E7958F42E83F5E4', 0, '2021-06-22 19:48:13.443500', -5, '127.0.0.1', null, null, null);
INSERT INTO documentation_entries (id, documentation_id, doctor_id, was_done, to_be_done, version, creation_date_time, created_by, created_by_ip, modification_date_time, modified_by, modified_by_ip) VALUES (-6, -1, -4, '\\x7B454CA6C5448A27306AC5C75F675C2A', '\\xFC42CB1F107A66FDC1270C9E6D2F36FF', 8, '2021-06-22 16:58:47.833428', -4, '0:0:0:0:0:0:0:1', '2021-06-22 19:55:14.414559', null, null);
INSERT INTO documentation_entries (id, documentation_id, doctor_id, was_done, to_be_done, version, creation_date_time, created_by, created_by_ip, modification_date_time, modified_by, modified_by_ip) VALUES (-7, -1, -5, '\\xAFAEBEE9D443F93923110EEF43C47757', '\\xC902353BECB24A369C0234B803EBD442', 4, '2021-06-22 16:59:00.098868', -5, '0:0:0:0:0:0:0:1', '2021-06-22 20:14:27.297870', null, null);

INSERT INTO doctors_ratings (id, doctor_id, rates_sum, rates_counter, active, version, creation_date_time, created_by, created_by_ip, modification_date_time, modified_by, modified_by_ip) VALUES (-1, -4, 10, 3, true, 0, '2021-06-22 16:30:42.952495', -4, '0:0:0:0:0:0:0:1', null, null, null);
INSERT INTO doctors_ratings (id, doctor_id, rates_sum, rates_counter, active, version, creation_date_time, created_by, created_by_ip, modification_date_time, modified_by, modified_by_ip) VALUES (-2, -5, 11, 3, true, 0, '2021-06-22 21:49:10.079646', -5, '0:0:0:0:0:0:0:1', null, null, null);

INSERT INTO appointments (id, doctor_id, patient_id, appointment_date, confirmed, canceled, rating, version, creation_date_time, created_by, created_by_ip, modification_date_time, modified_by, modified_by_ip, confirmation_date_time, confirmed_by, confirmed_by_ip, cancellation_date_time, canceled_by, canceled_by_ip, reminder_mail_sent, rate_mail_sent) VALUES (-4, -4, -1, '2021-06-24 21:30:00.000000', false, false, null, 0, '2021-06-22 21:35:11.351843', -5, '0:0:0:0:0:0:0:1', null, null, null, null, null, null, null, null, null, false, false);
INSERT INTO appointments (id, doctor_id, patient_id, appointment_date, confirmed, canceled, rating, version, creation_date_time, created_by, created_by_ip, modification_date_time, modified_by, modified_by_ip, confirmation_date_time, confirmed_by, confirmed_by_ip, cancellation_date_time, canceled_by, canceled_by_ip, reminder_mail_sent, rate_mail_sent) VALUES (-5, -5, -2, '2021-06-26 01:39:00.000000', false, false, null, 0, '2021-06-22 21:35:25.537765', -5, '0:0:0:0:0:0:0:1', null, null, null, null, null, null, null, null, null, false, false);
INSERT INTO appointments (id, doctor_id, patient_id, appointment_date, confirmed, canceled, rating, version, creation_date_time, created_by, created_by_ip, modification_date_time, modified_by, modified_by_ip, confirmation_date_time, confirmed_by, confirmed_by_ip, cancellation_date_time, canceled_by, canceled_by_ip, reminder_mail_sent, rate_mail_sent) VALUES (-6, -5, -3, '2021-07-02 01:41:00.000000', false, false, null, 0, '2021-06-22 21:35:37.048492', -5, '0:0:0:0:0:0:0:1', null, null, null, null, null, null, null, null, null, false, false);
INSERT INTO appointments (id, doctor_id, patient_id, appointment_date, confirmed, canceled, rating, version, creation_date_time, created_by, created_by_ip, modification_date_time, modified_by, modified_by_ip, confirmation_date_time, confirmed_by, confirmed_by_ip, cancellation_date_time, canceled_by, canceled_by_ip, reminder_mail_sent, rate_mail_sent) VALUES (-7, -5, -4, '2021-07-03 01:41:00.000000', false, false, null, 0, '2021-06-22 21:35:37.048492', -4, '0:0:0:0:0:0:0:1', null, null, null, null, null, null, null, null, null, false, false);
INSERT INTO appointments (id, doctor_id, patient_id, appointment_date, confirmed, canceled, rating, version, creation_date_time, created_by, created_by_ip, modification_date_time, modified_by, modified_by_ip, confirmation_date_time, confirmed_by, confirmed_by_ip, cancellation_date_time, canceled_by, canceled_by_ip, reminder_mail_sent, rate_mail_sent) VALUES (-8, -5, -5, '2021-07-05 01:41:00.000000', false, false, null, 0, '2021-06-22 21:35:37.048492', -4, '0:0:0:0:0:0:0:1', null, null, null, null, null, null, null, null, null, false, false);
INSERT INTO appointments (id, doctor_id, patient_id, appointment_date, confirmed, canceled, rating, version, creation_date_time, created_by, created_by_ip, modification_date_time, modified_by, modified_by_ip, confirmation_date_time, confirmed_by, confirmed_by_ip, cancellation_date_time, canceled_by, canceled_by_ip, reminder_mail_sent, rate_mail_sent) VALUES (-9, -5, null, '2021-07-06 01:41:00.000000', false, false, null, 0, '2021-06-22 21:35:37.048492', -4, '0:0:0:0:0:0:0:1', null, null, null, null, null, null, null, null, null, false, false);
INSERT INTO appointments (id, doctor_id, patient_id, appointment_date, confirmed, canceled, rating, version, creation_date_time, created_by, created_by_ip, modification_date_time, modified_by, modified_by_ip, confirmation_date_time, confirmed_by, confirmed_by_ip, cancellation_date_time, canceled_by, canceled_by_ip, reminder_mail_sent, rate_mail_sent) VALUES (-10, -5, null, '2021-07-07 01:41:00.000000', false, false, null, 0, '2021-06-22 21:35:37.048492', -4, '0:0:0:0:0:0:0:1', null, null, null, null, null, null, null, null, null, false, false);
INSERT INTO appointments (id, doctor_id, patient_id, appointment_date, confirmed, canceled, rating, version, creation_date_time, created_by, created_by_ip, modification_date_time, modified_by, modified_by_ip, confirmation_date_time, confirmed_by, confirmed_by_ip, cancellation_date_time, canceled_by, canceled_by_ip, reminder_mail_sent, rate_mail_sent) VALUES (-11, -5, null, '2021-07-08 01:41:00.000000', false, false, null, 0, '2021-06-22 21:35:37.048492', -5, '0:0:0:0:0:0:0:1', null, null, null, null, null, null, null, null, null, false, false);