
-- Dodanie 4 użytkowników, oraz nadanie im poziomów dostępów.
-- Użytkownik -1 ma reprezentować administratora oraz recepcjonistę będącego jednosczesnie pacjentem,
-- -2 lekarza, -3 pacjenta a -4 recepcjonistę.
-- Użykownik -4 posiada również odebrane uprawnienia do poziomu lekarza

INSERT INTO accounts (id, login, email, password, first_name, last_name, phone_number, pesel, active, enabled, is_dark_mode, last_successful_login, last_successful_login_ip, last_unsuccessful_login, last_unsuccessful_login_ip, unsuccessful_login_count_since_last_login, modified_by, modification_date_time, modified_by_ip, last_block_unlock_modified_by, last_block_unlock_date_time, last_block_unlock_ip, created_by, creation_date_time, created_by_ip, email_recall, first_password_change, language, version) VALUES (-3, 'pzdr123', 'pzdrzalik@mail.com', 'b03ddf3ca2e714a6548e7495e2a03f5e824eaac9837cd7f159c67b90fb4b7342', 'Przemysław', 'Szalik', '123456789', '78051064296', true, true, false, null, null, null, null, 0, null, null, null, null, null, null, -2, '2021-06-22 16:30:42.952495', null, true, true, 'pl', 0);
INSERT INTO accounts (id, login, email, password, first_name, last_name, phone_number, pesel, active, enabled, is_dark_mode, last_successful_login, last_successful_login_ip, last_unsuccessful_login, last_unsuccessful_login_ip, unsuccessful_login_count_since_last_login, modified_by, modification_date_time, modified_by_ip, last_block_unlock_modified_by, last_block_unlock_date_time, last_block_unlock_ip, created_by, creation_date_time, created_by_ip, email_recall, first_password_change, language, version) VALUES (1, 'dokumentacja1', 'wxy27038@cuoly.com', 'b03ddf3ca2e714a6548e7495e2a03f5e824eaac9837cd7f159c67b90fb4b7342', 'Dokumentacja', 'Medyczna', null, null, true, true, false, null, null, null, null, 0, null, null, null, null, null, null, 1, '2021-06-22 16:31:48.179527', '0:0:0:0:0:0:0:1', true, true, 'pl', 0);
INSERT INTO accounts (id, login, email, password, first_name, last_name, phone_number, pesel, active, enabled, is_dark_mode, last_successful_login, last_successful_login_ip, last_unsuccessful_login, last_unsuccessful_login_ip, unsuccessful_login_count_since_last_login, modified_by, modification_date_time, modified_by_ip, last_block_unlock_modified_by, last_block_unlock_date_time, last_block_unlock_ip, created_by, creation_date_time, created_by_ip, email_recall, first_password_change, language, version) VALUES (-4, 'mses123', 'mseseseko@mail.com', 'b03ddf3ca2e714a6548e7495e2a03f5e824eaac9837cd7f159c67b90fb4b7342', 'Mobutu', 'Sese Seko', '123456789', '73052927225', true, true, false, null, null, null, null, 0, null, null, null, null, null, null, -4, '2021-06-22 16:30:42.952495', null, true, true, 'en', 0);
INSERT INTO accounts (id, login, email, password, first_name, last_name, phone_number, pesel, active, enabled, is_dark_mode, last_successful_login, last_successful_login_ip, last_unsuccessful_login, last_unsuccessful_login_ip, unsuccessful_login_count_since_last_login, modified_by, modification_date_time, modified_by_ip, last_block_unlock_modified_by, last_block_unlock_date_time, last_block_unlock_ip, created_by, creation_date_time, created_by_ip, email_recall, first_password_change, language, version) VALUES (5, 'iPhone', 'utr49280@zwoho.com', 'b03ddf3ca2e714a6548e7495e2a03f5e824eaac9837cd7f159c67b90fb4b7342', 'Steve', 'Jobs', '123456789', null, true, true, false, '2021-06-22 11:59:50.716001', '0:0:0:0:0:0:0:1', '2021-06-22 10:40:06.149701', '0:0:0:0:0:0:0:1', 0, 5, '2021-06-22 11:59:59.891759', '0:0:0:0:0:0:0:1', null, null, null, 5, '2021-06-22 10:39:46.923743', '0:0:0:0:0:0:0:1', false, true, 'pl', 7);
INSERT INTO accounts (id, login, email, password, first_name, last_name, phone_number, pesel, active, enabled, is_dark_mode, last_successful_login, last_successful_login_ip, last_unsuccessful_login, last_unsuccessful_login_ip, unsuccessful_login_count_since_last_login, modified_by, modification_date_time, modified_by_ip, last_block_unlock_modified_by, last_block_unlock_date_time, last_block_unlock_ip, created_by, creation_date_time, created_by_ip, email_recall, first_password_change, language, version) VALUES (2, 'Taekwondo', 'ljxvrpcggqegnycqyn@twzhhq.online', 'b03ddf3ca2e714a6548e7495e2a03f5e824eaac9837cd7f159c67b90fb4b7342', 'Pitold', 'Wietrzak', '1234590876', '99072106392', true, false, false, null, null, null, null, 0, null, '2021-06-23 11:01:03.215984', null, null, null, null, 2, '2021-06-22 19:27:08.664780', '127.0.0.1', true, false, 'pl', 1);
INSERT INTO accounts (id, login, email, password, first_name, last_name, phone_number, pesel, active, enabled, is_dark_mode, last_successful_login, last_successful_login_ip, last_unsuccessful_login, last_unsuccessful_login_ip, unsuccessful_login_count_since_last_login, modified_by, modification_date_time, modified_by_ip, last_block_unlock_modified_by, last_block_unlock_date_time, last_block_unlock_ip, created_by, creation_date_time, created_by_ip, email_recall, first_password_change, language, version) VALUES (3, 'Taekwondo2', 'jpr68246@zwoho.com', 'b03ddf3ca2e714a6548e7495e2a03f5e824eaac9837cd7f159c67b90fb4b7342', 'Pitold', 'Wietrzak', '1234590876', '89072074128', true, false, false, null, null, null, null, 0, null, '2021-06-21 18:57:59.846311', null, -1, '2021-06-21 18:57:59.844316', '0:0:0:0:0:0:0:1', 3, '2021-06-22 19:28:22.164795', '127.0.0.1', true, false, 'pl', 4);
INSERT INTO accounts (id, login, email, password, first_name, last_name, phone_number, pesel, active, enabled, is_dark_mode, last_successful_login, last_successful_login_ip, last_unsuccessful_login, last_unsuccessful_login_ip, unsuccessful_login_count_since_last_login, modified_by, modification_date_time, modified_by_ip, last_block_unlock_modified_by, last_block_unlock_date_time, last_block_unlock_ip, created_by, creation_date_time, created_by_ip, email_recall, first_password_change, language, version) VALUES (4, 'MuaiThai', 'fomotat419@0ranges.com', 'f7745f4df4394027716de160fb2acd6aac36699576a8be586b75ac09acf6a0df', 'Pitold2', 'Wietrzak2', '1234590876', '74042325852', true, true, false, '2021-06-22 19:35:16.845672', '127.0.0.1', '2021-06-22 19:33:41.476255', '127.0.0.1', 0, 4, '2021-06-22 19:39:54.653763', '127.0.0.1', null, '2021-06-22 19:33:41.808843', '127.0.0.1', 4, '2021-06-22 19:32:25.082295', '127.0.0.1', false, true, 'pl', 16);
INSERT INTO accounts (id, login, email, password, first_name, last_name, phone_number, pesel, active, enabled, is_dark_mode, last_successful_login, last_successful_login_ip, last_unsuccessful_login, last_unsuccessful_login_ip, unsuccessful_login_count_since_last_login, modified_by, modification_date_time, modified_by_ip, last_block_unlock_modified_by, last_block_unlock_date_time, last_block_unlock_ip, created_by, creation_date_time, created_by_ip, email_recall, first_password_change, language, version) VALUES (-2, 'jnow123', 'jnowak@mail.com', 'b03ddf3ca2e714a6548e7495e2a03f5e824eaac9837cd7f159c67b90fb4b7342', 'Jan', 'Nowak', '123456789', '80122856965', true, true, false, '2021-06-22 19:50:11.183672', '127.0.0.1', '2021-06-22 16:32:59.783818', '127.0.0.1', 0, -2, '2021-06-22 19:50:15.106986', '127.0.0.1', null, null, null, -2, '2021-06-22 16:30:42.952495', null, true, true, 'pl', 8);
INSERT INTO accounts (id, login, email, password, first_name, last_name, phone_number, pesel, active, enabled, is_dark_mode, last_successful_login, last_successful_login_ip, last_unsuccessful_login, last_unsuccessful_login_ip, unsuccessful_login_count_since_last_login, modified_by, modification_date_time, modified_by_ip, last_block_unlock_modified_by, last_block_unlock_date_time, last_block_unlock_ip, created_by, creation_date_time, created_by_ip, email_recall, first_password_change, language, version) VALUES (-1, 'jkow123', 'witekpietrzak35@gmail.com', 'b03ddf3ca2e714a6548e7495e2a03f5e824eaac9837cd7f159c67b90fb4b7342', 'Jan', 'Kowalski', '123456789', '73041234356', true, true, false, '2021-06-23 19:39:30.728739', '127.0.0.1', null, null, 0, -1, '2021-06-23 19:39:30.939738', '0:0:0:0:0:0:0:1', null, null, null, -1, '2021-06-22 16:30:42.952495', null, true, true, 'pl', 294);

INSERT INTO access_levels (id, level, account_id, active, version, creation_date_time, created_by, created_by_ip, modification_date_time, modified_by, modified_by_ip) VALUES (-1, 'level.patient', -1, true, 0, '2021-06-22 16:30:42.952495', -1, null, null, null, null);
INSERT INTO access_levels (id, level, account_id, active, version, creation_date_time, created_by, created_by_ip, modification_date_time, modified_by, modified_by_ip) VALUES (-2, 'level.receptionist', -1, true, 0, '2021-06-22 16:30:42.952495', -1, null, null, null, null);
INSERT INTO access_levels (id, level, account_id, active, version, creation_date_time, created_by, created_by_ip, modification_date_time, modified_by, modified_by_ip) VALUES (-3, 'level.administrator', -1, true, 0, '2021-06-22 16:30:42.952495', -1, null, null, null, null);
INSERT INTO access_levels (id, level, account_id, active, version, creation_date_time, created_by, created_by_ip, modification_date_time, modified_by, modified_by_ip) VALUES (-5, 'level.patient', -2, false, 0, '2021-06-22 16:30:42.952495', -1, null, null, null, null);
INSERT INTO access_levels (id, level, account_id, active, version, creation_date_time, created_by, created_by_ip, modification_date_time, modified_by, modified_by_ip) VALUES (-6, 'level.receptionist', -2, false, 0, '2021-06-22 16:30:42.952495', -1, null, null, null, null);
INSERT INTO access_levels (id, level, account_id, active, version, creation_date_time, created_by, created_by_ip, modification_date_time, modified_by, modified_by_ip) VALUES (-7, 'level.administrator', -2, false, 0, '2021-06-22 16:30:42.952495', -1, null, null, null, null);
INSERT INTO access_levels (id, level, account_id, active, version, creation_date_time, created_by, created_by_ip, modification_date_time, modified_by, modified_by_ip) VALUES (-9, 'level.patient', -3, true, 0, '2021-06-22 16:30:42.952495', -1, null, null, null, null);
INSERT INTO access_levels (id, level, account_id, active, version, creation_date_time, created_by, created_by_ip, modification_date_time, modified_by, modified_by_ip) VALUES (-10, 'level.receptionist', -3, false, 0, '2021-06-22 16:30:42.952495', -1, null, null, null, null);
INSERT INTO access_levels (id, level, account_id, active, version, creation_date_time, created_by, created_by_ip, modification_date_time, modified_by, modified_by_ip) VALUES (-11, 'level.administrator', -3, false, 0, '2021-06-22 16:30:42.952495', -1, null, null, null, null);
INSERT INTO access_levels (id, level, account_id, active, version, creation_date_time, created_by, created_by_ip, modification_date_time, modified_by, modified_by_ip) VALUES (-12, 'level.doctor', -3, false, 0, '2021-06-22 16:30:42.952495', -1, null, null, null, null);

INSERT INTO appointments (id, doctor_id, patient_id, appointment_date, confirmed, canceled, version, creation_date_time, created_by, created_by_ip, modification_date_time, modified_by, modified_by_ip, confirmation_date_time, confirmed_by, confirmed_by_ip, cancellation_date_time, canceled_by, canceled_by_ip, reminder_mail_sent, rate_mail_sent, rating) VALUES (-9, -1, null, '2021-06-25 16:30:42.952495', false, false, 15, '2021-06-20 16:30:42.952495', -4, '0:0:0:0:0:0:0:1', '2021-06-23 16:43:12.865011', -1, '127.0.0.1', null, null, null, null, null, null, false, false, null);
INSERT INTO appointments (id, doctor_id, patient_id, appointment_date, confirmed, canceled, version, creation_date_time, created_by, created_by_ip, modification_date_time, modified_by, modified_by_ip, confirmation_date_time, confirmed_by, confirmed_by_ip, cancellation_date_time, canceled_by, canceled_by_ip, reminder_mail_sent, rate_mail_sent, rating) VALUES (-2, -1, -1, '2021-06-20 20:42:00.000000', true, false, 9, '2021-06-22 20:42:28.043000', -1, null, '2021-06-22 13:28:01.182671', -1, '0:0:0:0:0:0:0:1', null, null, null, null, null, null, true, false, 0.5);
INSERT INTO appointments (id, doctor_id, patient_id, appointment_date, confirmed, canceled, version, creation_date_time, created_by, created_by_ip, modification_date_time, modified_by, modified_by_ip, confirmation_date_time, confirmed_by, confirmed_by_ip, cancellation_date_time, canceled_by, canceled_by_ip, reminder_mail_sent, rate_mail_sent, rating) VALUES (-7, -1, -1, '2021-06-25 16:30:42.952495', false, false, 21, '2021-06-20 16:30:42.952495', -4, '0:0:0:0:0:0:0:1', '2021-06-23 19:40:35.506242', -1, '127.0.0.1', null, null, null, '2021-06-23 19:40:35.504241', -1, null, true, false, null);
INSERT INTO appointments (id, doctor_id, patient_id, appointment_date, confirmed, canceled, version, creation_date_time, created_by, created_by_ip, modification_date_time, modified_by, modified_by_ip, confirmation_date_time, confirmed_by, confirmed_by_ip, cancellation_date_time, canceled_by, canceled_by_ip, reminder_mail_sent, rate_mail_sent, rating) VALUES (-3, -1, -1, '2021-06-23 22:42:00.000000', false, true, 14, '2021-06-22 20:42:28.043000', -1, null, '2021-06-23 19:41:01.629874', null, null, null, null, null, '2021-06-23 19:41:01.628876', null, null, true, false, null);

INSERT INTO medical_documentations (id, patient_id, allergies, medications_taken, version, creation_date_time, created_by, created_by_ip, modification_date_time, modified_by, modified_by_ip) VALUES (1, 1, '', '', 0, '2021-06-22 16:31:49.037198', 1, '0:0:0:0:0:0:0:1', null, null, null);
INSERT INTO medical_documentations (id, patient_id, allergies, medications_taken, version, creation_date_time, created_by, created_by_ip, modification_date_time, modified_by, modified_by_ip) VALUES (2, 2, '', '', 0, '2021-06-22 19:27:09.740322', 2, '127.0.0.1', null, null, null);
INSERT INTO medical_documentations (id, patient_id, allergies, medications_taken, version, creation_date_time, created_by, created_by_ip, modification_date_time, modified_by, modified_by_ip) VALUES (3, 3, '', '', 0, '2021-06-22 19:28:22.792195', 3, '127.0.0.1', null, null, null);
INSERT INTO medical_documentations (id, patient_id, allergies, medications_taken, version, creation_date_time, created_by, created_by_ip, modification_date_time, modified_by, modified_by_ip) VALUES (4, 4, '', '', 0, '2021-06-22 19:32:26.053694', 4, '127.0.0.1', null, null, null);
INSERT INTO medical_documentations (id, patient_id, allergies, medications_taken, version, creation_date_time, created_by, created_by_ip, modification_date_time, modified_by, modified_by_ip) VALUES (5, 5, '', '', 0, '2021-06-22 10:39:47.192707', 5, '0:0:0:0:0:0:0:1', null, null, null);

INSERT INTO prescriptions (id, expiration, patient_id, doctor_id, version, creation_date_time, created_by, created_by_ip, modification_date_time, modified_by, modified_by_ip, medications) VALUES (1, '2023-03-29 11:34:00.000000', 1, -1, 0, '2021-06-22 16:34:14.695313', -1, '0:0:0:0:0:0:0:1', null, null, null, E'\\xF801ABF8F573B0E8B98058C7DA1459B6E97FDF73DE4C8BA92831BA523D3B50C1');
INSERT INTO prescriptions (id, expiration, patient_id, doctor_id, version, creation_date_time, created_by, created_by_ip, modification_date_time, modified_by, modified_by_ip, medications) VALUES (2, '2023-03-29 11:34:00.000000', 1, -1, 0, '2021-06-22 16:34:16.149560', -1, '0:0:0:0:0:0:0:1', null, null, null, E'\\xF801ABF8F573B0E8B98058C7DA1459B6E97FDF73DE4C8BA92831BA523D3B50C1');
INSERT INTO prescriptions (id, expiration, patient_id, doctor_id, version, creation_date_time, created_by, created_by_ip, modification_date_time, modified_by, modified_by_ip, medications) VALUES (3, '2021-06-22 04:36:00.000000', 1, -2, 0, '2021-06-22 16:36:06.800608', -2, '127.0.0.1', null, null, null, E'\\xADB802F495E3F0FD78E8BF5C49BEA696');
INSERT INTO prescriptions (id, expiration, patient_id, doctor_id, version, creation_date_time, created_by, created_by_ip, modification_date_time, modified_by, modified_by_ip, medications) VALUES (4, '2021-06-22 04:36:00.000000', 1, -2, 0, '2021-06-22 16:36:09.732191', -2, '127.0.0.1', null, null, null, E'\\xADB802F495E3F0FD78E8BF5C49BEA696');
INSERT INTO prescriptions (id, expiration, patient_id, doctor_id, version, creation_date_time, created_by, created_by_ip, modification_date_time, modified_by, modified_by_ip, medications) VALUES (5, '2021-06-22 04:36:00.000000', 1, -2, 0, '2021-06-22 16:36:17.672416', -2, '127.0.0.1', null, null, null, E'\\xF98800108259C7367DC3E0723712BEF7');
INSERT INTO prescriptions (id, expiration, patient_id, doctor_id, version, creation_date_time, created_by, created_by_ip, modification_date_time, modified_by, modified_by_ip, medications) VALUES (9, '2021-06-22 17:37:00.000000', 1, -2, 0, '2021-06-22 16:39:44.728014', -2, '127.0.0.1', null, null, null, E'\\xADB802F495E3F0FD78E8BF5C49BEA696');
INSERT INTO prescriptions (id, expiration, patient_id, doctor_id, version, creation_date_time, created_by, created_by_ip, modification_date_time, modified_by, modified_by_ip, medications) VALUES (16, '2021-06-22 16:59:00.000000', 1, -2, 0, '2021-06-22 16:53:11.298692', -2, '127.0.0.1', null, null, null, E'\\x3961D1480BAEDDFDB3245B8D1AC3854E');
INSERT INTO prescriptions (id, expiration, patient_id, doctor_id, version, creation_date_time, created_by, created_by_ip, modification_date_time, modified_by, modified_by_ip, medications) VALUES (17, '2021-06-22 18:22:00.000000', 1, -2, 0, '2021-06-22 16:55:06.138254', -2, '127.0.0.1', null, null, null, E'\\xEF351916783CB2C4E186CF75884B6B1F');
INSERT INTO prescriptions (id, expiration, patient_id, doctor_id, version, creation_date_time, created_by, created_by_ip, modification_date_time, modified_by, modified_by_ip, medications) VALUES (21, '2021-06-22 16:59:00.000000', 1, -2, 0, '2021-06-22 16:55:36.557791', -2, '127.0.0.1', null, null, null, E'\\x2188708CF5050D892027B5F636A39ECF');
INSERT INTO prescriptions (id, expiration, patient_id, doctor_id, version, creation_date_time, created_by, created_by_ip, modification_date_time, modified_by, modified_by_ip, medications) VALUES (22, '2021-06-22 18:55:00.000000', 1, -2, 0, '2021-06-22 16:55:59.501424', -2, '127.0.0.1', null, null, null, E'\\x6970169A2E9EBD66275B8A7FA947590F');

INSERT INTO documentation_entries (id, documentation_id, doctor_id, was_done, to_be_done, version, creation_date_time, created_by, created_by_ip, modification_date_time, modified_by, modified_by_ip) VALUES (4, 1, 4, E'\\x5CBBBE4ADB08FD217E1FC08A59F4973E', E'\\xBADD28436FCD5C7E7E7958F42E83F5E4', 0, '2021-06-22 19:48:13.443500', 4, '127.0.0.1', null, null, null);
INSERT INTO documentation_entries (id, documentation_id, doctor_id, was_done, to_be_done, version, creation_date_time, created_by, created_by_ip, modification_date_time, modified_by, modified_by_ip) VALUES (1, 1, -1, E'\\x7B454CA6C5448A27306AC5C75F675C2A', E'\\xFC42CB1F107A66FDC1270C9E6D2F36FF', 8, '2021-06-22 16:58:47.833428', -1, '0:0:0:0:0:0:0:1', '2021-06-22 19:55:14.414559', null, null);
INSERT INTO documentation_entries (id, documentation_id, doctor_id, was_done, to_be_done, version, creation_date_time, created_by, created_by_ip, modification_date_time, modified_by, modified_by_ip) VALUES (3, 1, -1, E'\\xAFAEBEE9D443F93923110EEF43C47757', E'\\xC902353BECB24A369C0234B803EBD442', 4, '2021-06-22 16:59:00.098868', -1, '0:0:0:0:0:0:0:1', '2021-06-22 20:14:27.297870', null, null);

INSERT INTO doctors_ratings (id, doctor_id, rates_sum, rates_counter, active, version, creation_date_time, created_by, created_by_ip, modification_date_time, modified_by, modified_by_ip) VALUES (-1, -2, 0, 1, true, 0, '2021-06-22 16:30:42.952495', -2, '0:0:0:0:0:0:0:1', null, null, null);
INSERT INTO doctors_ratings (id, doctor_id, rates_sum, rates_counter, active, version, creation_date_time, created_by, created_by_ip, modification_date_time, modified_by, modified_by_ip) VALUES (1, 4, 0, 1, true, 0, '2021-06-22 21:49:10.079646', -1, '0:0:0:0:0:0:0:1', null, null, null);
